WKT,name,description
"POLYGON ((3.7233056 51.5234128, 3.731202 51.5346261, 3.7329186 51.5391106, 3.7408151 51.5427407, 3.7481965 51.5408189, 3.7689675 51.5426339, 3.7773789 51.5426339, 3.7893952 51.5417798, 3.7919701 51.5409257, 3.8015832 51.5424204, 3.8043298 51.5449826, 3.8125695 51.5470109, 3.8201226 51.5464772, 3.8208093 51.5486122, 3.8331689 51.5480784, 3.8441552 51.5443421, 3.8479318 51.5396445, 3.8592614 51.5387903, 3.8661279 51.5396445, 3.8638963 51.5438083, 3.8539399 51.5441286, 3.8448419 51.5502134, 3.8448419 51.5517078, 3.8355721 51.5564041, 3.8161744 51.5541627, 3.808793 51.5502134, 3.8048448 51.5476514, 3.7871636 51.5503201, 3.7756623 51.5541627, 3.7605561 51.5550166, 3.7356652 51.5462637, 3.7315453 51.5435948, 3.7277688 51.541246, 3.7118043 51.5334515, 3.709916 51.5305682, 3.7233056 51.5234128))",Veerse Meer,Darkness Area
